{
  "id": "mock-opp-2",
  "opportunityType": "Course",
  "title": "Web Design Bootcamp",
  "shortSummary": "Learn web design in 8 weeks.",
  "location": "Remote",
  "applicationDeadline": "2025-12-15T23:59:59Z",
  "createdAt": "2025-11-03T14:00:00Z",
  "publishedAt": "2025-11-06T10:00:00Z",
  "eventDate": "2025-12-10T18:00:00Z",
  "expiredDate": "2026-01-10T00:00:00Z",
  "link": "https://example.com/apply-course",
  "tags": {
    "industry": ["Design"],
    "keywords": ["web", "design", "course"]
  }
}
