{
  "id": "mock-opp-1",
  "opportunityType": "Job",
  "title": "Junior Developer",
  "shortSummary": "Entry-level developer position.",
  "location": "London, UK",
  "applicationDeadline": "2025-12-31T23:59:59Z",
  "createdAt": "2025-11-04T10:00:00Z",
  "publishedAt": "2025-11-05T09:00:00Z",
  "eventDate": "2025-12-01T09:00:00Z",
  "expiredDate": "2026-01-01T00:00:00Z",
  "link": "https://example.com/apply-job",
  "tags": {
    "industry": ["Technology"],
    "keywords": ["developer", "junior", "job"]
  }
}
