{
  "id": "mock-opp-3",
  "opportunityType": "Internship",
  "title": "Marketing Intern",
  "shortSummary": "3-month paid internship.",
  "location": "Manchester, UK",
  "applicationDeadline": "2025-12-20T23:59:59Z",
  "createdAt": "2025-11-02T12:00:00Z",
  "publishedAt": "2025-11-07T11:00:00Z",
  "eventDate": "2025-12-15T09:00:00Z",
  "expiredDate": "2026-01-15T00:00:00Z",
  "link": "https://example.com/apply-internship",
  "tags": {
    "industry": ["Marketing"],
    "keywords": ["internship", "marketing", "student"]
  }
}
